"Marca temporal","Nombre de usuario","¿Cual es su cargo en la empresa?","¿Que sabes sobre la empresa?","¿Como es un día de trabajo en la empresa?","¿Cree que la maquinaría es apropiada para un buen y efectivo trabajo?","¿Cuales son los productos más cotizados y vendidos?","¿Cuantos productos en general fabrican quincenal mente?","¿Cree que es pertinente implementar un sistema de facturación digital?","¿ Cree que su sistema de manejo de Información manual es apropiado ?","¿Cree que la seguridad es apropiada para manejar la información de forma manual?","¿Cree que pertinente crear una forma digital para la información de la empresa?","¿Cree que esta bien organizado de una buena forma los productos de  la empresa?","Comentarios acerca de la encuesta"
"2020/07/27 2:20:35 a. m. GMT","andres37351@hotmail.com","Empleado","Dulce abrigo es una empresa de colchones dedicada a la fabricación de telas, colchonetas, protectores, etc.","Algo normal, como en toda más empresas se cumple un horario de 8 horas de trabajo además de un buen trato por parte del administrador","Si, es muy buena.","Colchones","Mas de 20 Productos","Si, estoy de acuerdo.","No, es decepcionante","Si, estoy de acuerdo.","Si, estoy de acuerdo.","Si, estoy de acuerdo.","Ninguno"
"2020/07/27 2:26:38 a. m. GMT","3147645373@gmail.com","Vendedor","Está dedicada a al elaboración de colchones, colchonetas y protectores ","Es bastante bueno, todos nos llevamos bien además de trabajar bien en equipo","Si, es muy buena.","Colchonetas","Mas de 20 Productos","Si, estoy de acuerdo.","No, es decepcionante","No, no es necesario.","Si, estoy de acuerdo.","Si, estoy de acuerdo.","Ninguno"
"2020/07/27 2:32:05 a. m. GMT","jhonperez5284@gmail.com","Empleado de fabricación","Hace colchonetas, colchones y protectores para satisfacer a sus clientes","Bastante normal en mi parecer ","Si, es pasable.","Colchones","Mas de 30 Productos","Si, estoy de acuerdo.","No, es decepcionante","No, no es necesario.","Si, estoy de acuerdo.","Si, estoy de acuerdo.","Ninguna"
"2020/07/27 2:38:32 a. m. GMT","fajarrebe6363@hotmail.com","Vendedor ","Somos una empresa dedicada a la elaboración y venta de colchones ","Bastante normal, tenemos buena comunicación con los demás empleados ","Si, es pasable.","Colchonetas","Mas de 30 Productos","Si, estoy de acuerdo.","No, es decepcionante","Si, estoy de acuerdo.","Si, estoy de acuerdo.","Si, estoy de acuerdo.","Ninguno"
"2020/07/27 2:43:33 a. m. GMT","mireordonez4268@gmail.com","Empleado de fabricación","Somos una empresa dirigida a la elaboración de colchones y envío de éstos","Todos nos llevamos bien , además de tener buena comunicación laboral","Si, es muy buena.","Colchones","Mas de 30 Productos","Si, estoy de acuerdo.","No, es decepcionante","No, no es necesario.","Si, estoy de acuerdo.","Si, estoy de acuerdo.","Ninguna"
"2020/07/27 2:45:44 a. m. GMT","o474857@gmail.com","Empleado de Fabricacion","Que una empresa dedicada a la producción de teles y vende así productos para las camas así como colchones tener un buen sueño y ha buen precio","Comúnmente es un día donde la paciencia y la concentración es lo mas importante hay ratos donde en el trabajo duro es en verdad agotador pero se logra un buen resultado.","Si, es muy buena.","Colchonetas","Mas de 40 Productos","Si, estoy de acuerdo.","Si, es muy buena.","Si, estoy de acuerdo.","Si, estoy de acuerdo.","Si, estoy de acuerdo.","Una encuesta muy bien hecha y bien para proponer nuevas cosas."
"2020/07/27 2:47:05 a. m. GMT","adrianpinero221@hotmail.com","Gerente","Esta es una empresa dedicada a la elaboración de colchones para satisfacer a los clientes además de manejar ventas a domicilio","Todo muy ordenado además de la buena comunicación laboral","Si, es muy buena.","Colchones","Mas de 30 Productos","Si, estoy de acuerdo.","No, es decepcionante","Si, estoy de acuerdo.","Si, estoy de acuerdo.","Si, estoy de acuerdo.","Ninguno"
"2020/07/27 2:51:54 a. m. GMT","7868989@gmail.com","Transportista ","Que es una empresa que destaca por su buen trabajo en dar productos de calidad y de un buen precio.","Es sencillo yo manejo un camión donde transporto productos que la empresa fabrica.","Si, es pasable.","Colchones","Mas de 30 Productos","Si, estoy de acuerdo.","Si, es muy buena.","Si, estoy de acuerdo.","Si, estoy de acuerdo.","Si, estoy de acuerdo.","Muy buena hace dar un aire fresco ala empresa"
"2020/07/27 2:54:21 a. m. GMT","fabio122@gmail.com","Transportista","Es una buena empresa donde se destaca mucho la productividad y la calidad.","Es fácil manejo uno de los dos camiones que ayuda a transportar los productos a un destino nuevo.","Si, es pasable.","Colchones","Mas de 30 Productos","Si, estoy de acuerdo.","No, es decepcionante","Si, estoy de acuerdo.","Si, estoy de acuerdo.","Si, estoy de acuerdo.","Muy buena"
"2020/07/27 3:00:43 a. m. GMT","h131alver@gmail.com","Empleado ","Es una empresa dedicada al descanso ofreciendo productos de calidad y donde los fabricamos de una buena manera y los vendemos a buen precio.","Es bueno pues se trabaja de una manera sencilla y eficaz para tener todo listo puntualmente, todos trabajamos de una buena manera y damos lo mejor.","Si, es muy buena.","Colchones","Mas de 30 Productos","Si, estoy de acuerdo.","No, es decepcionante","Si, estoy de acuerdo.","Si, estoy de acuerdo.","Si, estoy de acuerdo.","Gran encuesta para saber que habra una renovacion"
"2020/07/27 3:23:57 a. m. GMT","alveiro1212@gmail.com","Empleado","Es una empresa dedicada alas telas y a la venta y fabricación de productos para el descanso","Es normal pero a veces se presentan varios momentos pesados por el trabajo y eso es un momento donde todos nos unimos.","Si, es pasable.","Colchones","Mas de 40 Productos","Si, estoy de acuerdo.","No, es decepcionante","Si, estoy de acuerdo.","Si, estoy de acuerdo.","Si, estoy de acuerdo.",",,"